id,first_name,last_name,email,gender,ip_address
1,Aili,Bricket,abricket0@diigo.com,Male,161.208.255.67
2,Amelita,Calan,acalan1@devhub.com,Non-binary,212.183.107.16
3,Arabella,Smails,asmails2@pagesperso-orange.fr,Female,140.133.52.33
4,Dante,Cotter,dcotter3@google.de,Female,197.60.162.168
5,Dion,Gawthrope,dgawthrope4@yellowpages.com,Male,207.29.13.226
6,Devina,Labba,dlabba5@dion.ne.jp,Male,125.140.80.134
7,Kirstin,Philot,kphilot6@phpbb.com,Female,249.160.146.199
8,Nerissa,Whistlecroft,nwhistlecroft7@umich.edu,Female,52.26.133.45
9,Farrand,Tabor,ftabor8@tinypic.com,Male,152.34.155.19
10,Sherie,Eddins,seddins9@jigsy.com,Female,253.89.255.97
11,Emmalynn,Chimienti,echimientia@kickstarter.com,Female,0.224.79.79
12,Raquela,Airds,rairdsb@soundcloud.com,Male,128.176.90.142
13,Thorvald,Dominicacci,tdominicaccic@baidu.com,Male,53.235.238.98
14,Wallas,Wills,wwillsd@shop-pro.jp,Male,47.244.31.231
15,Kienan,Boffey,kboffeye@ustream.tv,Female,167.2.85.122
16,Luciano,Josefsen,ljosefsenf@mtv.com,Bigender,213.123.51.144
17,Valaria,Scrigmour,vscrigmourg@bizjournals.com,Female,18.127.105.242
18,Lulita,Songhurst,lsonghursth@goodreads.com,Female,107.168.179.163
19,Milka,Fidilis,mfidilisi@1und1.de,Male,72.101.223.92
20,Benni,Lundon,blundonj@ycombinator.com,Polygender,237.31.226.38
21,Antoinette,Parrett,aparrettk@cnet.com,Male,60.69.12.180
22,Morley,Graine,mgrainel@last.fm,Male,81.232.113.232
23,Darla,Colafate,dcolafatem@ed.gov,Male,192.127.134.20
24,Eugine,Schimonek,eschimonekn@abc.net.au,Female,132.154.193.133
25,Tobie,Brotherton,tbrothertono@home.pl,Male,133.25.126.139
26,Godfrey,Banting,gbantingp@tinypic.com,Male,26.85.191.159
27,Gipsy,Pellew,gpellewq@phoca.cz,Female,64.121.110.179
28,Rossie,Wegenen,rwegenenr@auda.org.au,Agender,153.137.179.51
29,Rosalinde,Francklin,rfrancklins@vistaprint.com,Male,72.21.184.209
30,Temple,Bosanko,tbosankot@psu.edu,Female,233.74.55.127
31,Arabele,Rexworthy,arexworthyu@nsw.gov.au,Female,162.67.146.243
32,Tisha,Borel,tborelv@unicef.org,Male,123.227.39.217
33,Brant,Angus,bangusw@epa.gov,Male,208.201.221.174
34,Fraze,Klishin,fklishinx@timesonline.co.uk,Female,184.96.234.182
35,Baldwin,Habin,bhabiny@indiatimes.com,Male,80.11.155.142
36,Monroe,Rentcome,mrentcomez@pbs.org,Female,57.221.15.84
37,Tonnie,Murford,tmurford10@digg.com,Male,85.91.167.153
38,Clarine,Huddle,chuddle11@barnesandnoble.com,Male,158.68.23.140
39,Kelley,Lomath,klomath12@nbcnews.com,Male,22.166.192.218
40,Arlie,Dri,adri13@geocities.com,Female,131.145.14.146
41,Briggs,Pressland,bpressland14@uiuc.edu,Male,121.137.99.171
42,Jillayne,Bunten,jbunten15@wordpress.org,Male,71.137.101.76
43,Kari,Keeri,kkeeri16@biglobe.ne.jp,Female,98.139.220.235
44,Joelynn,Basnett,jbasnett17@vistaprint.com,Bigender,193.76.211.165
45,Glynis,Courcey,gcourcey18@cbsnews.com,Female,102.22.83.161
46,Keri,Braffington,kbraffington19@ft.com,Female,128.83.62.130
47,Kellyann,Reisenberg,kreisenberg1a@trellian.com,Female,202.147.54.231
48,Anet,Gyde,agyde1b@shop-pro.jp,Male,172.102.178.227
49,Maddi,Bembrick,mbembrick1c@toplist.cz,Female,89.112.151.221
50,Nickie,Fergyson,nfergyson1d@biblegateway.com,Non-binary,38.114.128.194
51,Gaile,Haversham,ghaversham1e@miitbeian.gov.cn,Female,224.86.197.97
52,Corilla,Murford,cmurford1f@bravesites.com,Female,246.54.1.245
53,Paulita,Richmond,prichmond1g@google.pl,Male,100.138.39.226
54,Itch,Dangl,idangl1h@canalblog.com,Female,130.201.141.106
55,Jory,Medgwick,jmedgwick1i@tuttocitta.it,Male,146.21.23.43
56,Livy,De la Yglesia,ldelayglesia1j@princeton.edu,Male,3.207.182.249
57,Holli,Seedman,hseedman1k@washington.edu,Female,226.5.128.57
58,Linzy,Burges,lburges1l@about.me,Bigender,127.213.161.77
59,Tracie,Andrini,tandrini1m@harvard.edu,Male,229.243.240.83
60,Kaylil,Oliveira,koliveira1n@springer.com,Male,114.18.12.116
61,Raleigh,Thiolier,rthiolier1o@usgs.gov,Male,175.74.124.87
62,Janelle,Paule,jpaule1p@google.co.uk,Female,1.101.149.55
63,Fancy,Ormerod,formerod1q@hao123.com,Female,183.229.12.194
64,Lita,Bristo,lbristo1r@mayoclinic.com,Male,254.163.7.0
65,Terri,Louisot,tlouisot1s@xinhuanet.com,Male,110.189.131.9
66,Calli,Statton,cstatton1t@nationalgeographic.com,Genderfluid,44.132.73.225
67,Bathsheba,Pappin,bpappin1u@examiner.com,Female,171.202.73.174
68,Risa,Necrews,rnecrews1v@surveymonkey.com,Male,239.187.43.66
69,Brnaby,de Merida,bdemerida1w@ted.com,Female,140.154.194.62
70,Kizzee,Akam,kakam1x@tiny.cc,Female,182.248.11.37
71,Sigismondo,Tarr,starr1y@go.com,Female,17.197.132.0
72,Moritz,Mainland,mmainland1z@photobucket.com,Male,30.174.154.70
73,Kristian,Gergolet,kgergolet20@yandex.ru,Male,148.63.179.37
74,Maren,Hekkert,mhekkert21@earthlink.net,Female,36.148.104.214
75,Terrie,MacTrustey,tmactrustey22@zimbio.com,Female,183.179.198.35
76,Kean,Dawltrey,kdawltrey23@samsung.com,Male,156.112.214.148
77,Kevan,Gymblett,kgymblett24@moonfruit.com,Male,196.218.154.146
78,Bev,Coldrick,bcoldrick25@zdnet.com,Male,180.79.101.170
79,Misty,Hendrickx,mhendrickx26@about.com,Male,195.140.162.231
80,Junette,Pulley,jpulley27@twitter.com,Male,6.158.170.31
81,Efrem,Fairnie,efairnie28@about.com,Female,190.159.137.17
82,Galvin,Estcot,gestcot29@quantcast.com,Female,100.163.39.220
83,Lew,Reisen,lreisen2a@china.com.cn,Female,189.8.65.150
84,Lauralee,Dahl,ldahl2b@yolasite.com,Male,208.107.221.242
85,Cornelle,Scheu,cscheu2c@miibeian.gov.cn,Male,45.186.239.147
86,Robinson,Filipchikov,rfilipchikov2d@reddit.com,Male,115.157.64.167
87,Chalmers,Deelay,cdeelay2e@flickr.com,Female,92.218.195.93
88,Eirena,Wain,ewain2f@dion.ne.jp,Male,8.217.28.184
89,Donetta,Wybourne,dwybourne2g@dropbox.com,Male,10.225.96.60
90,Dimitri,Parfitt,dparfitt2h@sitemeter.com,Agender,76.79.105.127
91,Frederik,Sowley,fsowley2i@bloglovin.com,Male,168.191.91.157
92,Beverlee,Flockhart,bflockhart2j@dailymail.co.uk,Male,75.40.134.230
93,Boote,Brashier,bbrashier2k@ning.com,Non-binary,205.151.167.223
94,Tess,Hardwell,thardwell2l@webs.com,Male,125.80.139.116
95,Niven,Ledster,nledster2m@go.com,Female,45.9.130.70
96,Tyler,Gladtbach,tgladtbach2n@microsoft.com,Polygender,105.100.89.218
97,Cathyleen,Aaron,caaron2o@businesswire.com,Genderfluid,255.179.178.101
98,Yelena,Pollastrone,ypollastrone2p@china.com.cn,Male,76.215.105.14
99,Chastity,Lisimore,clisimore2q@ezinearticles.com,Genderqueer,101.231.177.85
100,Gustie,Daton,gdaton2r@weather.com,Male,70.6.18.40
