id,first_name,last_name,email,gender,ip_address
1,Andy,McJarrow,amcjarrow0@arizona.edu,Female,232.49.135.26
2,Licha,Niset,lniset1@dagondesign.com,Male,64.212.12.219
3,Beryle,O'Doghesty,bodoghesty2@storify.com,Male,63.161.76.185
4,Judith,Willcox,jwillcox3@nytimes.com,Male,123.171.77.4
5,Elke,Tibb,etibb4@bbb.org,Male,169.248.86.65
6,Sylvan,Phette,sphette5@house.gov,Male,238.175.20.70
7,Moss,Batalle,mbatalle6@forbes.com,Female,245.81.114.240
8,Rania,Burkart,rburkart7@squarespace.com,Genderfluid,78.68.32.61
9,Job,Kennerknecht,jkennerknecht8@cbc.ca,Male,47.96.77.180
10,Cacilie,Harken,charken9@weebly.com,Female,241.231.106.95
11,Becky,Kirman,bkirmana@sphinn.com,Female,180.39.15.54
12,Christie,Mullins,cmullinsb@cpanel.net,Male,82.167.183.236
13,Oralia,Lillegard,olillegardc@friendfeed.com,Male,118.155.12.81
14,Nichole,McCrorie,nmccroried@infoseek.co.jp,Female,138.175.210.60
15,Kimmy,Agastina,kagastinae@buzzfeed.com,Female,126.114.92.63
16,Jedediah,Acuna,jacunaf@discuz.net,Genderqueer,163.185.60.186
17,Faustina,Pedden,fpeddeng@imdb.com,Male,65.43.127.120
18,Krishna,Lotte,klotteh@hud.gov,Genderqueer,156.86.54.197
19,Melamie,Liepins,mliepinsi@flickr.com,Polygender,16.122.232.187
20,Allyce,Tortice,atorticej@delicious.com,Female,16.111.109.152
21,Electra,Ciccotti,eciccottik@cdbaby.com,Female,92.191.231.169
22,Sherm,Elcoux,selcouxl@census.gov,Female,169.32.77.76
23,Cairistiona,MacGuiness,cmacguinessm@stanford.edu,Female,128.86.60.26
24,Yule,Andrzej,yandrzejn@cafepress.com,Female,179.251.207.195
25,Torrin,La Vigne,tlavigneo@about.me,Polygender,22.143.165.44
26,Mark,Coggan,mcogganp@dell.com,Male,65.165.197.167
27,Eli,Greenrod,egreenrodq@bloglines.com,Female,145.99.204.80
28,Bax,Bendixen,bbendixenr@trellian.com,Male,158.12.174.128
29,Ibby,Trase,itrases@networkadvertising.org,Male,12.30.202.39
30,Mirelle,Sloper,mslopert@cbsnews.com,Female,40.81.232.37
31,Irving,Wainwright,iwainwrightu@youtu.be,Male,223.189.169.121
32,Estel,Benito,ebenitov@linkedin.com,Female,86.161.31.64
33,Bertie,Cattenach,bcattenachw@mail.ru,Female,182.70.126.255
34,Bobina,O'Bradden,bobraddenx@rambler.ru,Female,171.209.159.195
35,Ella,Ranscomb,eranscomby@google.com.br,Male,90.209.180.38
36,Culver,Kobiela,ckobielaz@aboutads.info,Female,219.222.126.149
37,Sawyere,Taillard,staillard10@yahoo.co.jp,Male,157.187.194.129
38,Talbot,Leborgne,tleborgne11@godaddy.com,Bigender,48.43.55.54
39,Alexandros,Cousen,acousen12@google.pl,Male,87.4.43.136
40,Durward,Dufaur,ddufaur13@google.pl,Agender,91.124.130.68
41,Christian,Labram,clabram14@indiatimes.com,Male,41.10.9.170
42,Meridel,Hutten,mhutten15@merriam-webster.com,Female,178.240.4.224
43,Byron,Rosendorf,brosendorf16@nymag.com,Female,188.212.177.37
44,Reuven,Ruger,rruger17@dot.gov,Male,5.114.223.71
45,Gustavus,Archbutt,garchbutt18@hp.com,Female,74.146.136.217
46,Arlin,Jacson,ajacson19@bing.com,Female,41.41.229.50
47,Taber,Stowe,tstowe1a@smugmug.com,Female,119.106.38.130
48,Felicity,Mulvihill,fmulvihill1b@zimbio.com,Female,63.17.105.190
49,Xenia,Gawen,xgawen1c@tuttocitta.it,Male,39.108.204.71
50,Aldo,Spencer,aspencer1d@reference.com,Female,71.183.192.229
51,Erna,Bolitho,ebolitho1e@engadget.com,Male,27.56.47.241
52,Say,Petz,spetz1f@taobao.com,Female,113.145.246.189
53,Wolf,Karchowski,wkarchowski1g@opera.com,Male,114.32.81.54
54,Dulcea,Kenwright,dkenwright1h@wp.com,Female,132.142.168.40
55,Fredrika,Airds,fairds1i@cmu.edu,Female,121.199.178.40
56,Alfie,Doogan,adoogan1j@icq.com,Female,142.191.165.160
57,Ketti,Oldridge,koldridge1k@networkadvertising.org,Male,152.22.135.141
58,Dulciana,Gascar,dgascar1l@irs.gov,Male,88.168.67.1
59,Antonia,Osment,aosment1m@twitpic.com,Male,77.25.116.14
60,Alejandra,Tryhorn,atryhorn1n@ask.com,Male,84.151.29.186
61,Mada,Pirozzi,mpirozzi1o@networkadvertising.org,Male,145.174.191.190
62,Michaela,Graith,mgraith1p@cornell.edu,Male,41.247.18.27
63,Marylinda,Dettmar,mdettmar1q@adobe.com,Female,238.126.38.105
64,Spence,Dartnall,sdartnall1r@prnewswire.com,Genderfluid,129.192.168.225
65,Kathy,Reboulet,kreboulet1s@google.de,Male,205.31.175.250
66,Thain,Patley,tpatley1t@ibm.com,Male,18.155.39.192
67,Hazel,Hawes,hhawes1u@instagram.com,Non-binary,166.172.106.21
68,Elijah,Rydings,erydings1v@wiley.com,Female,21.137.136.96
69,Mahmud,Sergeaunt,msergeaunt1w@globo.com,Female,127.248.85.3
70,Imojean,Cullabine,icullabine1x@tmall.com,Female,131.164.134.104
71,Herschel,McCulley,hmcculley1y@tinyurl.com,Female,168.8.68.248
72,Ki,Keable,kkeable1z@smugmug.com,Female,22.142.40.204
73,Quentin,Bisson,qbisson20@ustream.tv,Male,168.203.212.185
74,Christan,Otley,cotley21@addtoany.com,Female,125.80.245.93
75,Jerrilyn,Krzysztof,jkrzysztof22@skype.com,Female,230.133.8.142
76,Keary,Cornhill,kcornhill23@google.co.uk,Male,33.219.180.0
77,Bari,Bardwell,bbardwell24@yandex.ru,Male,39.202.219.114
78,Lucius,Fellon,lfellon25@wikipedia.org,Agender,44.127.71.149
79,Lorette,Jentle,ljentle26@europa.eu,Female,161.75.84.91
80,Leland,Finneran,lfinneran27@weather.com,Male,32.255.40.88
81,Angie,Bowskill,abowskill28@bloglovin.com,Female,230.64.4.105
82,Jack,Oakey,joakey29@amazon.co.uk,Female,218.143.41.30
83,Pedro,Straffon,pstraffon2a@spotify.com,Female,90.17.59.145
84,Melodee,De Domenicis,mdedomenicis2b@friendfeed.com,Male,11.4.188.146
85,Odie,Dutchburn,odutchburn2c@wsj.com,Genderqueer,21.100.172.62
86,Perla,Ivanisov,pivanisov2d@scientificamerican.com,Male,40.155.74.191
87,Dasi,Kidd,dkidd2e@google.com,Male,33.253.133.211
88,Nettle,Cowper,ncowper2f@omniture.com,Polygender,110.235.201.176
89,Coletta,Trighton,ctrighton2g@i2i.jp,Female,25.205.87.229
90,Agnes,Tander,atander2h@marketwatch.com,Non-binary,223.11.105.14
91,Benny,de Savery,bdesavery2i@slashdot.org,Non-binary,171.65.225.36
92,Lodovico,Prescot,lprescot2j@ustream.tv,Female,118.147.61.159
93,Valencia,Boord,vboord2k@bigcartel.com,Male,148.188.225.102
94,Darbee,Boylan,dboylan2l@hexun.com,Male,162.80.51.171
95,Deloris,Logesdale,dlogesdale2m@deviantart.com,Polygender,62.24.185.90
96,Stephan,Jaggar,sjaggar2n@behance.net,Female,201.115.161.229
97,Kirsti,Creeber,kcreeber2o@bravesites.com,Female,86.100.160.201
98,Kylynn,Gunderson,kgunderson2p@arizona.edu,Male,195.16.108.198
99,Kaiser,Ritchings,kritchings2q@hud.gov,Female,15.148.185.31
100,Sarena,Rounsefell,srounsefell2r@gravatar.com,Female,113.131.172.234
101,Viviene,Ducker,vducker2s@cnn.com,Male,29.11.145.206
102,Ricard,Ferschke,rferschke2t@nytimes.com,Female,2.87.162.210
103,Cassandre,MacAlinden,cmacalinden2u@com.com,Male,35.24.210.222
104,Ashlee,Pagnin,apagnin2v@cmu.edu,Male,35.231.92.249
105,Darbee,Nunns,dnunns2w@weibo.com,Female,67.40.183.66
106,Kata,Lucia,klucia2x@icio.us,Female,208.49.126.172
107,Vasilis,Laddle,vladdle2y@archive.org,Female,25.209.54.169
108,Annabella,Laughnan,alaughnan2z@gov.uk,Male,92.157.199.163
109,Justus,Coultas,jcoultas30@oakley.com,Male,31.134.84.138
110,Kimberlee,Kuschel,kkuschel31@ucoz.com,Male,11.248.208.104
111,Mattias,Brocket,mbrocket32@jugem.jp,Male,105.33.185.236
112,Barthel,Jarry,bjarry33@fema.gov,Female,104.191.18.211
113,Marcelia,Siccombe,msiccombe34@gmpg.org,Female,182.68.153.129
114,Jeddy,Marshallsay,jmarshallsay35@comsenz.com,Female,25.146.79.131
115,Cybill,Gorghetto,cgorghetto36@histats.com,Female,212.136.91.230
116,Yettie,Scowen,yscowen37@biglobe.ne.jp,Male,245.227.39.69
117,Isidoro,Hann,ihann38@dailymotion.com,Polygender,11.168.200.164
118,Deerdre,Roderham,droderham39@sohu.com,Male,61.147.124.158
119,Clem,Whatsize,cwhatsize3a@netlog.com,Male,104.53.90.92
120,Rickard,Poyntz,rpoyntz3b@etsy.com,Female,245.255.74.232
121,Marcille,Pate,mpate3c@topsy.com,Female,84.82.125.254
122,Winn,Duddell,wduddell3d@yandex.ru,Male,35.68.75.18
123,Danny,Leisman,dleisman3e@rediff.com,Male,137.241.136.216
124,Jeanette,Rivel,jrivel3f@bluehost.com,Female,212.236.188.91
125,Christoforo,Graveson,cgraveson3g@artisteer.com,Male,28.143.82.242
126,Elva,Beeching,ebeeching3h@sina.com.cn,Female,235.86.41.112
127,Ronica,McArd,rmcard3i@cnn.com,Female,132.200.128.94
128,Randy,McQuirk,rmcquirk3j@utexas.edu,Male,180.197.225.27
129,Davy,Boobyer,dboobyer3k@go.com,Male,8.133.251.30
130,Kym,Severs,ksevers3l@rambler.ru,Female,121.188.204.99
131,Roxane,Jodrelle,rjodrelle3m@adobe.com,Male,210.40.165.87
132,Sibella,Woolvin,swoolvin3n@cocolog-nifty.com,Female,4.52.84.158
133,Romain,Kowalik,rkowalik3o@furl.net,Male,227.243.242.43
134,Paula,Tabbernor,ptabbernor3p@nationalgeographic.com,Male,47.51.36.190
135,Laina,Haton,lhaton3q@walmart.com,Female,174.45.115.106
136,Dania,Joscelin,djoscelin3r@adobe.com,Polygender,147.115.40.98
137,Dudley,McNelis,dmcnelis3s@nps.gov,Male,97.157.176.80
138,Hyacinthe,Fergyson,hfergyson3t@google.com.br,Male,232.70.140.20
139,Maribeth,Iaduccelli,miaduccelli3u@gov.uk,Female,73.116.148.34
140,Flin,Ivashev,fivashev3v@barnesandnoble.com,Male,251.239.106.128
141,Sebastian,Hegarty,shegarty3w@ebay.com,Male,125.135.105.137
142,Cookie,Kruschov,ckruschov3x@whitehouse.gov,Female,142.178.40.81
143,Ferrell,Mackneis,fmackneis3y@pagesperso-orange.fr,Male,180.233.84.197
144,June,Petriello,jpetriello3z@printfriendly.com,Male,147.109.50.190
145,Keary,Pritchard,kpritchard40@blog.com,Female,233.244.194.238
146,Bailey,Dudny,bdudny41@indiatimes.com,Female,146.115.36.154
147,Tate,Sargant,tsargant42@linkedin.com,Female,174.163.231.135
148,Ber,Vickars,bvickars43@google.com.au,Female,50.53.205.115
149,Ulrikaumeko,Gladbach,ugladbach44@e-recht24.de,Female,29.228.65.180
150,Jenilee,Bell,jbell45@ifeng.com,Female,11.80.226.247
151,Torie,Wickling,twickling46@etsy.com,Female,244.192.136.56
152,Vivia,Kopta,vkopta47@redcross.org,Male,135.103.165.65
153,Yorgo,Acock,yacock48@topsy.com,Male,132.214.225.192
154,Mavra,Peirce,mpeirce49@examiner.com,Male,115.20.193.251
155,Sallyanne,Close,sclose4a@drupal.org,Female,106.137.251.58
156,Bartholomeo,Kenworth,bkenworth4b@pbs.org,Female,184.1.114.121
157,Denny,Cobello,dcobello4c@com.com,Female,145.74.57.158
158,Mordy,Hackley,mhackley4d@163.com,Female,166.2.123.24
159,Nancey,Eake,neake4e@stumbleupon.com,Female,213.1.147.217
160,Emmy,Bright,ebright4f@imgur.com,Male,227.114.146.67
161,Matias,Rawlyns,mrawlyns4g@unc.edu,Male,212.64.101.249
162,Mareah,Oty,moty4h@ox.ac.uk,Female,51.252.101.35
163,Marys,Dimelow,mdimelow4i@1und1.de,Female,36.236.229.51
164,Gilberto,Heustice,gheustice4j@live.com,Female,55.228.144.187
165,Danella,McGeown,dmcgeown4k@weather.com,Female,200.81.133.233
166,Bowie,Skeggs,bskeggs4l@dailymail.co.uk,Female,140.18.191.112
167,Danila,Seller,dseller4m@businessweek.com,Male,19.104.190.52
168,Donnell,Vidgen,dvidgen4n@goo.ne.jp,Female,116.179.245.55
169,Woodie,Allflatt,wallflatt4o@eventbrite.com,Male,239.250.254.112
170,Juliane,Gherarducci,jgherarducci4p@feedburner.com,Male,199.33.125.123
171,Mohammed,Frail,mfrail4q@ibm.com,Male,87.110.139.2
172,Karlene,Krystof,kkrystof4r@harvard.edu,Male,137.208.127.237
173,Doll,Exer,dexer4s@cmu.edu,Female,95.87.113.79
174,Natalee,Whisson,nwhisson4t@desdev.cn,Female,5.170.155.248
175,Dorey,Vian,dvian4u@sciencedaily.com,Male,25.233.28.67
176,Genni,Winstanley,gwinstanley4v@omniture.com,Female,153.187.71.12
177,Artair,Downing,adowning4w@phoca.cz,Bigender,160.219.217.230
178,Dario,Burchatt,dburchatt4x@businessinsider.com,Male,11.6.18.50
179,Ezmeralda,Yukhnev,eyukhnev4y@sohu.com,Female,37.109.229.134
180,Elyn,Salery,esalery4z@oracle.com,Male,159.253.80.248
181,Pepi,Cawdell,pcawdell50@shareasale.com,Male,251.225.231.71
182,York,Fader,yfader51@example.com,Female,131.158.48.244
183,Godfree,Cracknell,gcracknell52@imdb.com,Agender,142.146.36.177
184,Lesly,Hoys,lhoys53@google.com.hk,Female,186.88.225.212
185,Dix,Jaray,djaray54@tripod.com,Genderfluid,92.214.104.237
186,Natalya,Sizey,nsizey55@mit.edu,Male,92.230.132.163
187,Lind,Sim,lsim56@gov.uk,Female,59.34.34.87
188,Cassius,Myford,cmyford57@gravatar.com,Female,66.158.142.179
189,Katherine,Herreran,kherreran58@nydailynews.com,Non-binary,151.198.48.14
190,Kikelia,Holston,kholston59@twitter.com,Female,74.26.181.190
191,Ramona,Secret,rsecret5a@vinaora.com,Female,83.14.3.90
192,Sonya,Mattiello,smattiello5b@abc.net.au,Male,6.195.134.32
193,Jedediah,Rudham,jrudham5c@java.com,Male,235.201.185.252
194,Celisse,Hubbuck,chubbuck5d@berkeley.edu,Male,65.197.210.192
195,Roshelle,Crichley,rcrichley5e@fda.gov,Male,215.22.125.104
196,Prue,Grollmann,pgrollmann5f@t.co,Male,100.170.15.88
197,Darn,McCard,dmccard5g@wordpress.org,Female,224.162.127.118
198,Amandi,Kuhnert,akuhnert5h@moonfruit.com,Female,107.111.4.251
199,Anastasie,Pontain,apontain5i@techcrunch.com,Male,58.164.252.73
200,Emili,Radloff,eradloff5j@ustream.tv,Non-binary,153.152.98.132
201,Gabie,Riolfo,griolfo5k@pcworld.com,Male,160.8.170.199
202,Peggy,Huggin,phuggin5l@vkontakte.ru,Female,181.255.241.176
203,Bertrand,Passmore,bpassmore5m@typepad.com,Agender,52.244.138.214
204,Ezmeralda,Emnoney,eemnoney5n@columbia.edu,Genderqueer,26.48.21.222
205,Derek,Richmont,drichmont5o@apple.com,Male,59.36.52.153
206,Debor,McPharlain,dmcpharlain5p@toplist.cz,Female,156.47.121.110
207,Percival,Callery,pcallery5q@google.com.br,Female,115.248.105.227
208,Nichole,Delamar,ndelamar5r@comcast.net,Female,60.102.88.186
209,Raffaello,Korn,rkorn5s@de.vu,Female,56.122.66.161
210,Devin,Hadaway,dhadaway5t@51.la,Male,147.202.176.206
211,Cindi,Dregan,cdregan5u@senate.gov,Male,216.12.41.194
212,Elonore,Edgeworth,eedgeworth5v@opensource.org,Male,52.59.253.178
213,Tully,Panas,tpanas5w@fc2.com,Female,229.6.255.11
214,Erena,Gentiry,egentiry5x@mapquest.com,Male,157.235.137.65
215,Rasla,Snoxell,rsnoxell5y@zimbio.com,Male,33.179.80.137
216,Lusa,Southerton,lsoutherton5z@scribd.com,Agender,254.30.162.103
217,Desmond,Aleso,daleso60@blinklist.com,Female,132.118.240.99
218,Bertie,Ainsley,bainsley61@utexas.edu,Female,10.217.89.138
219,Claudia,Shewry,cshewry62@uol.com.br,Male,253.36.236.108
220,Licha,Twizell,ltwizell63@reddit.com,Female,7.130.185.249
221,Elmer,Meach,emeach64@xrea.com,Male,101.17.58.223
222,Olympe,Alden,oalden65@histats.com,Female,220.28.28.186
223,Sergeant,Gammell,sgammell66@spotify.com,Female,64.55.112.159
224,Dew,Polye,dpolye67@techcrunch.com,Female,255.141.176.11
225,Cy,Bodd,cbodd68@behance.net,Bigender,206.114.232.245
226,Elisabet,Brede,ebrede69@jalbum.net,Female,58.116.180.249
227,Reynolds,Poytheras,rpoytheras6a@berkeley.edu,Female,103.25.187.48
228,Dacy,Murphy,dmurphy6b@privacy.gov.au,Male,178.65.97.201
229,Noella,Inglesant,ninglesant6c@paginegialle.it,Male,37.157.28.43
230,Danell,Ricards,dricards6d@ameblo.jp,Male,146.126.149.114
231,Joshia,Jarmaine,jjarmaine6e@parallels.com,Male,52.243.132.84
232,Maury,Mitkcov,mmitkcov6f@about.me,Male,148.174.243.172
233,Katharyn,Skates,kskates6g@amazon.com,Female,110.108.203.145
234,Sharon,Lyddiatt,slyddiatt6h@rambler.ru,Male,113.59.28.143
235,Clywd,Hassekl,chassekl6i@java.com,Female,115.152.179.69
236,Dominique,Robberecht,drobberecht6j@sphinn.com,Female,135.174.222.199
237,Kelley,Billing,kbilling6k@themeforest.net,Female,216.240.178.189
238,Nicki,Quittonden,nquittonden6l@toplist.cz,Female,203.241.59.119
239,Solomon,Fawloe,sfawloe6m@studiopress.com,Male,184.103.87.67
240,Almire,Jeffry,ajeffry6n@blogger.com,Female,38.194.252.11
241,Esra,Corck,ecorck6o@github.io,Female,213.150.32.119
242,Ches,Raddan,craddan6p@ycombinator.com,Bigender,134.166.57.74
243,Erina,Smooth,esmooth6q@foxnews.com,Female,139.222.112.32
244,Naoma,Scoggins,nscoggins6r@yandex.ru,Non-binary,35.123.198.101
245,Averil,Tiltman,atiltman6s@google.es,Polygender,153.6.0.73
246,Lotte,Cruft,lcruft6t@livejournal.com,Female,223.203.178.87
247,Lidia,McAreavey,lmcareavey6u@artisteer.com,Female,96.251.149.223
248,Erny,Joerning,ejoerning6v@dropbox.com,Female,219.166.148.168
249,Edith,Gerrelts,egerrelts6w@cdbaby.com,Bigender,103.151.243.193
250,Vernice,Winship,vwinship6x@istockphoto.com,Female,230.245.118.155
251,Darsie,Bysh,dbysh6y@mac.com,Female,141.245.209.177
252,Glenine,Chastagnier,gchastagnier6z@tinypic.com,Female,235.240.130.22
253,Rodina,Grimster,rgrimster70@desdev.cn,Male,10.202.26.151
254,Emelen,Morgon,emorgon71@yahoo.co.jp,Bigender,182.114.125.39
255,Elka,Measen,emeasen72@nydailynews.com,Female,144.127.210.88
256,Adelaida,Middle,amiddle73@cbc.ca,Male,200.56.239.208
257,Breanne,Muir,bmuir74@angelfire.com,Female,250.167.183.73
258,Elna,Ingarfield,eingarfield75@berkeley.edu,Male,0.46.224.154
259,Mariquilla,Oakton,moakton76@bigcartel.com,Male,148.132.204.105
260,Cindi,Mattiessen,cmattiessen77@nifty.com,Genderqueer,21.253.62.163
261,Silvie,Willcock,swillcock78@bloglines.com,Female,9.215.41.193
262,Wald,Vallery,wvallery79@home.pl,Male,145.139.238.110
263,Ketty,Ashurst,kashurst7a@typepad.com,Female,0.84.213.33
264,Portia,Bende,pbende7b@engadget.com,Female,203.143.177.233
265,Sigismund,Stoneham,sstoneham7c@youtu.be,Male,58.87.190.187
266,Clim,Gostling,cgostling7d@ebay.com,Genderqueer,72.218.235.144
267,Felipe,Taber,ftaber7e@prnewswire.com,Male,42.176.61.138
268,Thornton,Kildahl,tkildahl7f@stanford.edu,Female,0.220.212.114
269,Dode,Stronach,dstronach7g@discuz.net,Female,119.244.78.209
270,Fan,Izacenko,fizacenko7h@hubpages.com,Female,58.29.221.39
271,Sylvia,Dyhouse,sdyhouse7i@infoseek.co.jp,Female,125.235.2.103
272,Cole,Scoggin,cscoggin7j@google.ru,Male,153.250.151.91
273,Tresa,Kinghorne,tkinghorne7k@sourceforge.net,Female,244.244.247.22
274,Myrtia,La Wille,mlawille7l@barnesandnoble.com,Female,13.146.77.234
275,Jarvis,Sollas,jsollas7m@so-net.ne.jp,Female,214.213.19.167
276,Wilt,Addams,waddams7n@cafepress.com,Male,40.246.99.219
277,Phelia,De Giorgi,pdegiorgi7o@ucoz.ru,Female,219.162.224.69
278,Wilhelm,Endecott,wendecott7p@oracle.com,Male,137.188.250.162
279,Dyan,Kerkham,dkerkham7q@exblog.jp,Female,101.6.254.229
280,Dulcia,Bispo,dbispo7r@noaa.gov,Female,202.144.219.108
281,Maitilde,Parsonage,mparsonage7s@google.pl,Female,45.196.181.62
282,Corinna,Habben,chabben7t@illinois.edu,Male,113.42.94.143
283,Nestor,Semens,nsemens7u@mashable.com,Female,204.50.220.109
284,Lindi,Yourell,lyourell7v@bloomberg.com,Female,207.60.180.65
285,Isidor,Cicullo,icicullo7w@ustream.tv,Female,136.82.73.8
286,Samaria,Extal,sextal7x@webs.com,Male,197.221.172.112
287,Dido,Finlow,dfinlow7y@miibeian.gov.cn,Female,130.19.65.130
288,Arney,Melanaphy,amelanaphy7z@hibu.com,Male,27.14.223.8
289,Larissa,Drewry,ldrewry80@ibm.com,Female,218.177.139.211
290,Wilma,Stirley,wstirley81@discuz.net,Female,254.142.178.178
291,Melly,Pycock,mpycock82@gov.uk,Male,198.77.188.115
292,Jermaine,Glas,jglas83@japanpost.jp,Female,190.65.8.140
293,Lanna,Eunson,leunson84@buzzfeed.com,Male,217.122.76.244
294,Karoly,Harford,kharford85@youtu.be,Female,202.110.23.49
295,Hayward,Desouza,hdesouza86@soup.io,Female,245.118.215.20
296,Shelly,Dahlman,sdahlman87@seesaa.net,Male,189.60.234.117
297,Stewart,Eates,seates88@nationalgeographic.com,Bigender,129.29.33.2
298,Livvyy,Ryam,lryam89@parallels.com,Genderfluid,146.133.16.146
299,Clayson,Nolder,cnolder8a@cargocollective.com,Male,132.53.199.39
300,Bartlett,Breward,bbreward8b@163.com,Male,111.33.37.158
301,Haskel,Astupenas,hastupenas8c@bloomberg.com,Female,181.7.128.238
302,Crin,Pretti,cpretti8d@unblog.fr,Female,127.148.90.128
303,Natal,Freke,nfreke8e@china.com.cn,Female,38.126.251.33
304,Florinda,Vanyushin,fvanyushin8f@stanford.edu,Female,205.78.100.250
305,Marrilee,Kinnerk,mkinnerk8g@wikia.com,Male,230.50.229.2
306,Melania,Tenby,mtenby8h@hugedomains.com,Male,203.251.10.229
307,Andree,Bayley,abayley8i@bandcamp.com,Female,59.212.91.183
308,Dieter,Eyres,deyres8j@nature.com,Male,55.77.226.6
309,Jacintha,Meineken,jmeineken8k@washingtonpost.com,Male,241.78.28.132
310,Farrel,Biford,fbiford8l@desdev.cn,Male,52.185.237.0
311,Magdalene,Donett,mdonett8m@blog.com,Male,116.206.85.169
312,Laraine,Lambird,llambird8n@go.com,Female,244.240.152.158
313,Ham,Gainseford,hgainseford8o@comsenz.com,Female,122.100.59.94
314,Nichole,Hansel,nhansel8p@nba.com,Male,74.114.12.66
315,Ignacius,Stennett,istennett8q@prnewswire.com,Female,66.158.46.206
316,Niki,Rodgman,nrodgman8r@ibm.com,Male,59.237.110.22
317,Drew,Fairchild,dfairchild8s@liveinternet.ru,Female,149.193.243.144
318,Xenia,Rockwell,xrockwell8t@google.co.jp,Male,187.93.238.45
319,Sigismondo,Nelmes,snelmes8u@ovh.net,Male,68.4.127.189
320,Laurence,Pohlke,lpohlke8v@clickbank.net,Male,223.132.12.60
321,Josephine,Huntingdon,jhuntingdon8w@forbes.com,Female,97.14.77.197
322,Blaine,Chittie,bchittie8x@cbc.ca,Female,95.80.40.192
323,Wiatt,Surman,wsurman8y@elegantthemes.com,Female,129.235.113.155
324,Friederike,Dhennin,fdhennin8z@behance.net,Male,162.222.182.111
325,Klaus,Batkin,kbatkin90@disqus.com,Male,191.216.219.99
326,Tasha,Nicholes,tnicholes91@archive.org,Female,23.146.214.128
327,Ford,Eate,feate92@topsy.com,Male,94.132.41.227
328,Rosa,Rengger,rrengger93@reference.com,Male,32.215.195.31
329,Stella,Bantham,sbantham94@imgur.com,Male,7.197.44.229
330,Stearne,Chasles,schasles95@tuttocitta.it,Female,160.172.73.9
331,Sorcha,Balentyne,sbalentyne96@lulu.com,Female,162.232.172.78
332,Gregoire,Battle,gbattle97@disqus.com,Genderfluid,130.171.148.66
333,Deni,Stutter,dstutter98@whitehouse.gov,Female,31.109.129.51
334,Kynthia,Tabourin,ktabourin99@bizjournals.com,Male,245.210.230.191
335,Gipsy,Tomaszewicz,gtomaszewicz9a@networksolutions.com,Male,45.222.96.230
336,Aarika,Dallewater,adallewater9b@moonfruit.com,Genderqueer,125.52.102.118
337,Bastian,Lutman,blutman9c@bigcartel.com,Female,141.91.102.235
338,Binni,Rowly,browly9d@parallels.com,Male,250.153.238.123
339,Abigale,Episcopio,aepiscopio9e@spotify.com,Female,156.125.221.110
340,Rutter,Fogel,rfogel9f@webeden.co.uk,Female,76.157.209.82
341,Marjory,Vallantine,mvallantine9g@msn.com,Male,27.232.14.162
342,Keely,Casol,kcasol9h@google.fr,Agender,47.61.144.121
343,Barry,Charkham,bcharkham9i@sbwire.com,Male,99.96.14.237
344,Jae,Farren,jfarren9j@naver.com,Female,84.24.102.11
345,Jobie,Trustey,jtrustey9k@dagondesign.com,Female,224.245.151.204
346,Chick,Stelfax,cstelfax9l@sohu.com,Male,160.153.158.100
347,Baldwin,Snowling,bsnowling9m@facebook.com,Female,102.84.204.199
348,El,Mort,emort9n@yelp.com,Female,145.224.50.144
349,Lanita,Wessell,lwessell9o@friendfeed.com,Male,130.66.60.188
350,Delmore,Gentric,dgentric9p@pen.io,Male,19.183.193.48
351,Birgitta,Arthey,barthey9q@boston.com,Female,239.145.126.238
352,Ives,Bantham,ibantham9r@foxnews.com,Male,70.30.192.2
353,Elsie,McCarly,emccarly9s@lycos.com,Female,31.218.201.187
354,Clea,Mitchall,cmitchall9t@vinaora.com,Female,153.158.21.205
355,Violet,Ridehalgh,vridehalgh9u@reddit.com,Male,98.233.60.244
356,Darren,Higgoe,dhiggoe9v@blogger.com,Genderqueer,204.75.81.195
357,Valina,Pittendreigh,vpittendreigh9w@prweb.com,Female,135.187.101.113
358,Lorettalorna,Hablot,lhablot9x@google.cn,Female,109.27.116.96
359,Drew,Broose,dbroose9y@oakley.com,Male,141.153.51.45
360,Daisie,Maclaine,dmaclaine9z@unesco.org,Male,223.3.5.43
361,Brandyn,Jovis,bjovisa0@earthlink.net,Agender,215.104.77.163
362,Lethia,Cunnell,lcunnella1@ftc.gov,Female,167.253.136.83
363,Maritsa,Giamelli,mgiamellia2@kickstarter.com,Male,203.233.229.233
364,Perri,Aksell,paksella3@wikispaces.com,Female,79.253.63.195
365,Lana,MacLaughlin,lmaclaughlina4@ftc.gov,Male,16.208.13.124
366,Phip,Piggin,ppiggina5@nba.com,Female,45.118.142.117
367,Ollie,Champkins,ochampkinsa6@toplist.cz,Male,222.16.149.17
368,Joellyn,Allibon,jallibona7@economist.com,Genderqueer,204.143.216.17
369,Roderigo,Jiggle,rjigglea8@people.com.cn,Male,224.3.224.77
370,Irina,Kerin,ikerina9@mlb.com,Male,112.87.23.194
371,Justinian,Bakeup,jbakeupaa@nature.com,Male,19.240.91.234
372,Lolly,Giacopini,lgiacopiniab@ning.com,Male,196.174.44.41
373,Dana,McCrorie,dmccrorieac@google.com,Male,30.150.31.108
374,Corrie,Sonnenschein,csonnenscheinad@google.com.hk,Agender,50.29.147.191
375,Sibel,Rentz,srentzae@cnn.com,Male,130.96.80.224
376,Mariya,McVanamy,mmcvanamyaf@booking.com,Male,44.19.231.0
377,Hortense,Folbig,hfolbigag@weebly.com,Polygender,169.47.177.174
378,Dahlia,Ilyushkin,dilyushkinah@privacy.gov.au,Female,194.110.183.93
379,Jorry,Aiton,jaitonai@cisco.com,Female,92.197.244.197
380,Elane,Higgonet,ehiggonetaj@imgur.com,Female,86.234.177.43
381,Sallyann,Tejada,stejadaak@wikimedia.org,Male,11.127.15.4
382,Sisely,Pockey,spockeyal@nyu.edu,Female,241.118.209.212
383,Heinrik,Sheldrick,hsheldrickam@woothemes.com,Male,116.123.8.221
384,Carmela,Fritschel,cfritschelan@salon.com,Female,81.254.234.49
385,Karola,Hallwood,khallwoodao@japanpost.jp,Male,76.31.202.21
386,Everard,Andrus,eandrusap@icq.com,Genderqueer,161.26.17.88
387,Earvin,Saggs,esaggsaq@ehow.com,Male,32.56.213.180
388,Ralina,Luna,rlunaar@reuters.com,Female,166.148.71.244
389,Murdoch,Zieme,mziemeas@google.com,Female,131.209.240.15
390,Caitrin,Fleischmann,cfleischmannat@histats.com,Female,180.133.113.17
391,Helge,Hentzeler,hhentzelerau@macromedia.com,Female,131.4.5.124
392,Thorsten,Broadberrie,tbroadberrieav@uiuc.edu,Female,182.67.250.196
393,Debora,Pumfrey,dpumfreyaw@1und1.de,Male,215.186.239.242
394,Appolonia,Hebron,ahebronax@ucoz.ru,Male,49.193.70.244
395,Marlane,Gianuzzi,mgianuzziay@mashable.com,Male,119.193.84.181
396,Emalee,Linford,elinfordaz@virginia.edu,Male,79.198.179.179
397,Aimil,Robbeke,arobbekeb0@sourceforge.net,Female,103.28.173.29
398,Tomaso,Ferrieres,tferrieresb1@springer.com,Female,86.61.13.136
399,Emmey,Ching,echingb2@google.fr,Male,64.77.17.144
400,Adoree,Sanpher,asanpherb3@imdb.com,Polygender,91.120.205.191
401,Alfonse,Peagrim,apeagrimb4@paypal.com,Polygender,150.53.126.101
402,Gerard,Iorizzi,giorizzib5@webeden.co.uk,Male,59.140.115.164
403,Betsey,Bird,bbirdb6@unblog.fr,Male,92.183.200.174
404,Nannie,Meiner,nmeinerb7@free.fr,Female,228.111.7.112
405,Dermot,Bollam,dbollamb8@ftc.gov,Male,213.166.53.17
406,Derick,Thackwray,dthackwrayb9@rakuten.co.jp,Male,251.132.8.13
407,Gleda,Battill,gbattillba@shinystat.com,Non-binary,201.242.41.63
408,Neils,Hardway,nhardwaybb@canalblog.com,Male,80.239.52.52
409,Evelyn,M'Chirrie,emchirriebc@miitbeian.gov.cn,Female,43.47.122.229
410,Cicily,Clorley,cclorleybd@google.it,Female,209.232.54.54
411,Lawry,Snowden,lsnowdenbe@printfriendly.com,Agender,21.157.126.129
412,Wadsworth,Seden,wsedenbf@naver.com,Female,51.224.169.244
413,Rosaline,Smye,rsmyebg@google.it,Female,7.16.71.131
414,Granthem,Hanington,ghaningtonbh@virginia.edu,Male,83.4.220.237
415,Graehme,Scanderet,gscanderetbi@geocities.com,Male,255.75.75.238
416,Kin,Rudd,kruddbj@pagesperso-orange.fr,Male,230.145.62.189
417,Charmane,Nudde,cnuddebk@ning.com,Male,157.177.74.80
418,Sella,Giraldez,sgiraldezbl@ning.com,Female,119.86.217.31
419,Marena,Whatford,mwhatfordbm@sohu.com,Female,8.27.121.157
420,Regine,Van Der Walt,rvanderwaltbn@nih.gov,Polygender,204.94.139.137
421,Esteban,Klimentov,eklimentovbo@artisteer.com,Bigender,51.138.206.186
422,Sibylla,Yushkov,syushkovbp@cpanel.net,Male,211.1.21.247
423,Shaylyn,Gergely,sgergelybq@twitpic.com,Female,50.152.170.192
424,Arlyn,Jealous,ajealousbr@ox.ac.uk,Female,165.161.246.7
425,Ivonne,Leyband,ileybandbs@eepurl.com,Female,93.33.202.207
426,Skyler,Clotworthy,sclotworthybt@cafepress.com,Female,143.40.24.141
427,Mirabelle,Dust,mdustbu@jigsy.com,Female,84.84.88.160
428,Reinald,Sergison,rsergisonbv@symantec.com,Male,190.110.240.186
429,Mercedes,Tapping,mtappingbw@clickbank.net,Male,76.46.247.85
430,Korrie,Maleham,kmalehambx@unblog.fr,Female,245.123.209.24
431,Raine,Faircliffe,rfaircliffeby@wikia.com,Female,65.115.253.9
432,Imelda,Giral,igiralbz@ning.com,Male,143.227.54.235
433,Dame,Greger,dgregerc0@stanford.edu,Male,148.112.150.32
434,Reginauld,Roglieri,rroglieric1@nymag.com,Male,227.177.21.49
435,Butch,Raff,braffc2@go.com,Male,36.226.215.208
436,Biddy,Doreward,bdorewardc3@flavors.me,Male,50.153.165.8
437,Dollie,Snowding,dsnowdingc4@ox.ac.uk,Male,224.146.225.37
438,Leora,McGillacoell,lmcgillacoellc5@stumbleupon.com,Male,194.97.133.169
439,Melisent,Frizell,mfrizellc6@bloglines.com,Male,239.88.138.139
440,Virge,Lanaway,vlanawayc7@buzzfeed.com,Agender,253.97.161.229
441,Carissa,Thorogood,cthorogoodc8@lycos.com,Male,246.107.44.154
442,Sherie,Reedie,sreediec9@house.gov,Female,94.144.145.40
443,Sarene,Newns,snewnsca@reuters.com,Female,153.153.240.214
444,Jenny,Antrim,jantrimcb@si.edu,Genderqueer,224.124.164.218
445,Otes,Beardshaw,obeardshawcc@moonfruit.com,Female,198.43.112.179
446,Randolph,Duckitt,rduckittcd@walmart.com,Male,47.80.52.249
447,Camala,Burberow,cburberowce@infoseek.co.jp,Female,118.171.17.37
448,Aguste,Ferrant,aferrantcf@taobao.com,Male,119.20.84.44
449,Teresita,Dymocke,tdymockecg@blogspot.com,Male,2.164.231.146
450,Oliviero,Whapple,owhapplech@bloglines.com,Female,207.112.22.218
451,Winfield,Levings,wlevingsci@so-net.ne.jp,Male,237.97.222.7
452,Corene,Gainseford,cgainsefordcj@elpais.com,Genderfluid,147.112.144.37
453,Scottie,Carthew,scarthewck@dyndns.org,Female,183.51.145.240
454,Eliza,Burne,eburnecl@shinystat.com,Male,244.218.83.201
455,Janek,Tather,jtathercm@google.ru,Female,195.196.234.215
456,Sigfried,Tallowin,stallowincn@w3.org,Female,228.58.157.25
457,Ethelin,Shoebridge,eshoebridgeco@blogger.com,Female,94.232.69.110
458,Alexandrina,Gullefant,agullefantcp@ucsd.edu,Male,36.159.240.237
459,Blayne,Cooper,bcoopercq@latimes.com,Male,70.185.54.21
460,Nadia,Huggon,nhuggoncr@ebay.co.uk,Male,10.248.164.30
461,Hedwiga,Edwardson,hedwardsoncs@hexun.com,Male,84.30.76.3
462,Nonnah,Fereday,nferedayct@xinhuanet.com,Female,54.67.153.29
463,Roi,Esche,reschecu@shareasale.com,Male,253.23.40.85
464,Maritsa,Caldaro,mcaldarocv@multiply.com,Agender,95.73.149.15
465,Eba,Thews,ethewscw@163.com,Female,242.131.13.79
466,Ogdon,Pristnor,opristnorcx@sciencedirect.com,Female,231.224.201.146
467,Delainey,Pady,dpadycy@boston.com,Female,58.251.36.102
468,Marcus,Gurys,mguryscz@discuz.net,Non-binary,9.127.154.72
469,Berget,Losty,blostyd0@twitpic.com,Female,52.104.225.163
470,Morton,Lintall,mlintalld1@latimes.com,Male,205.144.180.51
471,Gina,Lunny,glunnyd2@loc.gov,Female,35.196.87.119
472,Desiri,Normanvell,dnormanvelld3@apple.com,Male,99.168.56.12
473,Stormi,Harnetty,sharnettyd4@last.fm,Male,232.34.127.192
474,Randene,Pedreschi,rpedreschid5@spiegel.de,Female,15.252.208.32
475,Nickolai,Buckles,nbucklesd6@house.gov,Male,181.122.175.67
476,Nickey,Campkin,ncampkind7@businessinsider.com,Female,245.164.124.228
477,Harris,Garwood,hgarwoodd8@google.com,Male,68.213.170.133
478,Dulcine,Caudell,dcaudelld9@imdb.com,Male,123.203.87.255
479,Dix,Glazyer,dglazyerda@g.co,Female,246.229.109.126
480,Aharon,Pashley,apashleydb@csmonitor.com,Male,126.66.245.196
481,Padget,Ellif,pellifdc@chron.com,Female,131.239.88.68
482,Shandy,Paradin,sparadindd@marriott.com,Female,81.224.164.101
483,Arliene,Darton,adartonde@nifty.com,Male,74.178.226.242
484,Devora,Dumsday,ddumsdaydf@wunderground.com,Female,119.64.43.171
485,Anstice,Burgher,aburgherdg@washingtonpost.com,Male,168.37.33.218
486,Krysta,Boyford,kboyforddh@photobucket.com,Male,95.211.128.144
487,Berny,Meffan,bmeffandi@uiuc.edu,Male,73.143.71.69
488,Gordy,Itzchaky,gitzchakydj@epa.gov,Male,36.129.182.166
489,Bethanne,Wray,bwraydk@people.com.cn,Male,32.152.101.61
490,Aaren,Ailmer,aailmerdl@guardian.co.uk,Male,205.226.73.230
491,Janos,Povey,jpoveydm@netscape.com,Non-binary,66.24.44.221
492,Kayla,Brandenberg,kbrandenbergdn@last.fm,Female,37.198.8.192
493,Johnna,Chaloner,jchalonerdo@etsy.com,Female,148.155.108.86
494,Rena,Lipman,rlipmandp@alibaba.com,Female,167.180.175.235
495,Godfree,Haly,ghalydq@furl.net,Male,196.174.126.96
496,Tessa,Scrase,tscrasedr@histats.com,Male,68.20.238.100
497,Patric,Ygo,pygods@indiatimes.com,Agender,30.101.98.83
498,Loni,Goggey,lgoggeydt@foxnews.com,Female,105.80.171.179
499,Baudoin,Clare,bclaredu@xrea.com,Male,250.172.5.185
500,Aarika,Frascone,afrasconedv@odnoklassniki.ru,Female,15.31.19.32
501,Sherlock,Laydon,slaydondw@mysql.com,Female,220.2.253.173
502,Thain,Gadie,tgadiedx@tuttocitta.it,Male,149.28.169.219
503,Constantino,Neenan,cneenandy@acquirethisname.com,Female,63.204.163.18
504,Gris,Cuesta,gcuestadz@independent.co.uk,Male,247.46.138.57
505,Micaela,Joinson,mjoinsone0@nasa.gov,Male,172.180.6.39
506,Joshia,Veevers,jveeverse1@boston.com,Male,82.61.1.38
507,Florette,Benny,fbennye2@forbes.com,Female,193.249.11.107
508,Belita,Beddingham,bbeddinghame3@fotki.com,Female,136.142.214.40
509,Wallie,Jovasevic,wjovasevice4@multiply.com,Male,132.237.139.29
510,Twila,Gerson,tgersone5@kickstarter.com,Female,121.234.223.50
511,Philip,Dunnett,pdunnette6@lulu.com,Female,94.185.240.213
512,Misti,Leyshon,mleyshone7@walmart.com,Female,129.66.217.190
513,Robers,Carthew,rcarthewe8@blogs.com,Male,91.114.244.204
514,Petronia,Newport,pnewporte9@indiatimes.com,Female,212.35.245.183
515,Serene,Gaitskell,sgaitskellea@ted.com,Female,238.116.10.182
516,Thorpe,Shoppee,tshoppeeeb@amazon.co.jp,Female,86.180.196.72
517,Helene,Stembridge,hstembridgeec@arstechnica.com,Female,198.45.155.114
518,Ario,Eakley,aeakleyed@oaic.gov.au,Female,192.82.30.19
519,Jemima,Caldwall,jcaldwallee@usnews.com,Male,123.166.100.27
520,Johan,Baumler,jbaumleref@exblog.jp,Male,109.219.111.228
521,Cinda,Esland,ceslandeg@indiegogo.com,Female,120.23.64.182
522,Port,Loughren,ploughreneh@nsw.gov.au,Male,201.15.3.53
523,Felisha,Darwood,fdarwoodei@lulu.com,Female,112.202.250.219
524,Laney,Dunmuir,ldunmuirej@yellowpages.com,Male,125.116.254.32
525,Claudia,Yeeles,cyeelesek@latimes.com,Female,231.105.14.12
526,Vitoria,Fowlie,vfowlieel@taobao.com,Female,27.49.70.143
527,Tracey,Bodycote,tbodycoteem@stanford.edu,Female,61.109.102.29
528,Silas,Jandl,sjandlen@indiegogo.com,Male,216.108.83.138
529,Johnnie,Chattelaine,jchattelaineeo@shutterfly.com,Bigender,18.176.0.152
530,Denys,Ketley,dketleyep@oakley.com,Bigender,26.175.238.132
531,Esther,Gheeorghie,egheeorghieeq@craigslist.org,Female,95.177.83.98
532,Tatiana,Dederich,tdedericher@craigslist.org,Female,227.255.62.26
533,Clayton,Lightowler,clightowleres@so-net.ne.jp,Genderfluid,86.114.98.88
534,Alaine,Litt,alittet@fotki.com,Female,213.229.17.111
535,Hetti,Oury,houryeu@creativecommons.org,Female,137.37.107.208
536,Reidar,Bremeyer,rbremeyerev@ocn.ne.jp,Male,86.74.162.185
537,Clemmy,Churcher,cchurcherew@indiatimes.com,Female,128.214.4.150
538,Krisha,Grimsdale,kgrimsdaleex@sphinn.com,Male,32.141.36.83
539,Isadora,Bahlmann,ibahlmanney@alibaba.com,Male,190.24.98.180
540,Annadiana,Detloff,adetloffez@time.com,Bigender,233.51.45.37
541,Nettle,Verzey,nverzeyf0@hubpages.com,Female,152.145.200.226
542,Felicdad,Jindrak,fjindrakf1@domainmarket.com,Male,14.214.125.190
543,Cherin,Burdett,cburdettf2@symantec.com,Female,130.23.125.193
544,Brigg,Joselin,bjoselinf3@dell.com,Female,199.137.24.230
545,Bartolemo,Lyford,blyfordf4@oakley.com,Female,68.8.52.241
546,Chiquita,Rutter,crutterf5@odnoklassniki.ru,Male,14.236.38.130
547,Beale,Yorath,byorathf6@domainmarket.com,Female,196.113.252.194
548,Coretta,McMichell,cmcmichellf7@mit.edu,Female,135.12.89.12
549,Fanny,Hales,fhalesf8@bbc.co.uk,Female,132.247.210.73
550,Edd,Laurenz,elaurenzf9@wisc.edu,Female,121.57.161.148
551,Jenni,Sorrel,jsorrelfa@wunderground.com,Male,185.23.92.154
552,Mervin,Feilden,mfeildenfb@themeforest.net,Genderfluid,198.139.250.65
553,Norris,Camps,ncampsfc@wisc.edu,Female,42.208.89.242
554,Olva,Pedycan,opedycanfd@newsvine.com,Female,255.190.237.242
555,Raychel,Trever,rtreverfe@pagesperso-orange.fr,Female,80.57.48.3
556,Yulma,Matthias,ymatthiasff@time.com,Female,60.211.129.83
557,Erastus,Hamlet,ehamletfg@typepad.com,Male,26.186.26.37
558,Perry,Pitblado,ppitbladofh@tamu.edu,Male,68.35.21.156
559,Inna,Liffey,iliffeyfi@360.cn,Female,127.240.249.13
560,Irvin,Colley,icolleyfj@ifeng.com,Male,1.65.211.117
561,Harli,Ravel,hravelfk@amazon.de,Male,221.229.245.254
562,Valli,Tremmel,vtremmelfl@state.gov,Male,81.234.79.94
563,Trudey,Grute,tgrutefm@usatoday.com,Bigender,54.50.195.220
564,Brande,Mordin,bmordinfn@berkeley.edu,Female,38.237.158.115
565,Colman,Antoniak,cantoniakfo@is.gd,Male,57.200.87.31
566,Diahann,Ivanchov,divanchovfp@gmpg.org,Female,7.224.9.199
567,Nefen,Brookwood,nbrookwoodfq@springer.com,Female,129.27.222.117
568,Raphael,Rouch,rrouchfr@plala.or.jp,Female,109.216.43.34
569,Druci,Freak,dfreakfs@github.com,Male,18.100.114.136
570,Lanny,Mammatt,lmammattft@alibaba.com,Male,72.26.82.117
571,Dedie,Brounfield,dbrounfieldfu@csmonitor.com,Female,110.191.64.73
572,Tyrone,Lindroos,tlindroosfv@netscape.com,Non-binary,198.30.198.90
573,Elva,Whittlesee,ewhittleseefw@usnews.com,Agender,54.83.184.33
574,Bernhard,Cicconetti,bcicconettifx@goo.ne.jp,Female,28.204.224.71
575,Rosa,Omar,romarfy@cisco.com,Female,99.122.225.18
576,Hendrika,Vinton,hvintonfz@slideshare.net,Female,47.78.44.64
577,Philly,Vedishchev,pvedishchevg0@discuz.net,Female,228.80.8.69
578,Stoddard,Hindes,shindesg1@netscape.com,Male,173.78.134.6
579,Shaine,Vicarey,svicareyg2@clickbank.net,Female,24.163.175.86
580,Bastien,Sherred,bsherredg3@163.com,Male,103.185.184.211
581,Hagan,Waszkiewicz,hwaszkiewiczg4@uiuc.edu,Male,217.138.82.15
582,Kingsly,Simioni,ksimionig5@twitter.com,Genderqueer,22.105.194.75
583,Donny,Brislawn,dbrislawng6@ftc.gov,Female,39.186.121.144
584,Ynes,Dempster,ydempsterg7@edublogs.org,Female,209.93.102.65
585,Reinwald,McKane,rmckaneg8@omniture.com,Male,79.121.64.68
586,Donn,Caunt,dcauntg9@sitemeter.com,Male,179.101.116.161
587,Tessie,Bedo,tbedoga@craigslist.org,Male,169.37.26.178
588,Eleanora,Mahy,emahygb@ehow.com,Male,237.150.177.137
589,Rowland,Calver,rcalvergc@edublogs.org,Male,37.106.64.143
590,Shannan,Blessed,sblessedgd@cocolog-nifty.com,Male,145.244.158.188
591,Tanitansy,Poxton,tpoxtonge@free.fr,Female,186.25.66.194
592,Fran,Acedo,facedogf@topsy.com,Female,229.3.127.140
593,Caresse,Anstie,canstiegg@soup.io,Female,190.10.172.120
594,Lynna,Del Castello,ldelcastellogh@smugmug.com,Female,83.43.48.206
595,Carter,Meates,cmeatesgi@forbes.com,Female,77.111.7.17
596,Nisse,Dunlop,ndunlopgj@t-online.de,Female,230.102.202.200
597,Hershel,Castleton,hcastletongk@sun.com,Female,193.107.231.170
598,Mikel,Matthieson,mmatthiesongl@sina.com.cn,Female,216.138.54.115
599,Woodie,Ducarel,wducarelgm@scribd.com,Male,250.240.1.224
600,Connor,Rehor,crehorgn@nasa.gov,Male,4.235.204.73
601,Padriac,Cleghorn,pcleghorngo@free.fr,Male,127.44.86.13
602,Clarinda,Grew,cgrewgp@ed.gov,Male,109.49.170.248
603,Tammie,Arrol,tarrolgq@state.gov,Male,210.100.126.95
604,Randell,Minshaw,rminshawgr@seattletimes.com,Polygender,157.29.21.151
605,Ellissa,Dumbrill,edumbrillgs@psu.edu,Female,207.205.161.99
606,Trever,Rothwell,trothwellgt@amazon.co.uk,Male,12.120.207.61
607,Carrie,Quilkin,cquilkingu@wikipedia.org,Male,207.159.191.36
608,Alvan,Dillamore,adillamoregv@constantcontact.com,Male,79.9.82.77
609,Nessy,Iredale,niredalegw@elpais.com,Female,231.180.215.38
610,Nickey,Beamiss,nbeamissgx@soup.io,Female,108.230.38.254
611,Edan,Lepoidevin,elepoidevingy@technorati.com,Female,234.55.7.57
612,Hayley,Brockelsby,hbrockelsbygz@microsoft.com,Male,32.192.244.91
613,Mimi,Fellgett,mfellgetth0@arizona.edu,Female,184.4.179.28
614,Betsey,Stephens,bstephensh1@usgs.gov,Male,119.132.124.210
615,Hallie,Counihan,hcounihanh2@dell.com,Female,42.30.117.155
616,Drucill,Jarlmann,djarlmannh3@usda.gov,Female,99.35.233.215
617,Erny,Stearndale,estearndaleh4@archive.org,Bigender,231.23.9.212
618,Liliane,Forri,lforrih5@ovh.net,Female,34.27.169.32
619,Corinne,Freak,cfreakh6@theguardian.com,Female,76.144.23.210
620,Tabbitha,Ambrogiotti,tambrogiottih7@biglobe.ne.jp,Female,10.137.147.66
621,Sherwood,Dory,sdoryh8@oracle.com,Male,105.213.104.126
622,Wittie,Sebert,wseberth9@samsung.com,Female,200.82.227.25
623,Torey,Whitwham,twhitwhamha@huffingtonpost.com,Male,169.143.195.253
624,Kamila,Upsale,kupsalehb@godaddy.com,Female,119.106.156.165
625,Eden,Potell,epotellhc@boston.com,Genderfluid,216.27.31.79
626,Shurwood,Graves,sgraveshd@nih.gov,Male,158.101.250.25
627,Neville,Earney,nearneyhe@google.de,Male,34.227.206.66
628,Ive,Liepina,iliepinahf@npr.org,Male,10.235.18.147
629,Hiram,Shayler,hshaylerhg@sogou.com,Male,199.114.79.221
630,Minnnie,Busher,mbusherhh@go.com,Female,126.243.40.69
631,Sydney,Volette,svolettehi@cbslocal.com,Female,53.73.178.113
632,Cassi,Rasp,crasphj@opensource.org,Male,92.63.77.223
633,Sissie,Kruse,skrusehk@cisco.com,Male,165.39.10.2
634,Darrelle,Braz,dbrazhl@dropbox.com,Male,54.70.25.212
635,Morrie,Arthars,martharshm@nasa.gov,Male,12.89.29.70
636,Moselle,Jagiello,mjagiellohn@biblegateway.com,Male,147.245.23.165
637,Anselm,Lukas,alukasho@discovery.com,Female,98.134.193.142
638,Waring,Stoltz,wstoltzhp@house.gov,Bigender,172.164.86.201
639,Neda,Meller,nmellerhq@thetimes.co.uk,Male,153.91.233.144
640,Page,Whiteford,pwhitefordhr@psu.edu,Male,87.222.59.165
641,Lizzie,Bourhill,lbourhillhs@freewebs.com,Female,165.59.30.143
642,Padraic,Pilbeam,ppilbeamht@economist.com,Male,53.50.195.218
643,Lacee,Basford,lbasfordhu@baidu.com,Non-binary,149.147.237.239
644,Siusan,Luther,slutherhv@elegantthemes.com,Female,48.142.226.11
645,Chas,Basill,cbasillhw@europa.eu,Non-binary,196.72.124.229
646,Dulce,Morrad,dmorradhx@boston.com,Bigender,65.15.220.249
647,Harman,Castagna,hcastagnahy@spiegel.de,Genderqueer,17.7.33.224
648,Carolyne,Longworth,clongworthhz@stanford.edu,Polygender,221.130.55.208
649,Julina,Rodrigues,jrodriguesi0@blogs.com,Male,234.26.120.4
650,Vivien,Killeley,vkilleleyi1@theatlantic.com,Female,186.238.203.46
651,Veronika,Kirkman,vkirkmani2@purevolume.com,Male,175.30.152.191
652,Celesta,Gorriessen,cgorriesseni3@biblegateway.com,Female,112.167.107.211
653,Hewett,Kunz,hkunzi4@last.fm,Male,177.28.226.103
654,Hinda,Babe,hbabei5@dropbox.com,Male,145.229.141.83
655,Estella,Kirvin,ekirvini6@independent.co.uk,Male,68.34.172.97
656,Doreen,Gamble,dgamblei7@miitbeian.gov.cn,Female,199.154.87.239
657,Mira,Sissot,msissoti8@biblegateway.com,Female,164.181.49.145
658,Lizabeth,Chene,lchenei9@printfriendly.com,Female,39.37.253.34
659,Angus,Ochterlony,aochterlonyia@feedburner.com,Female,134.190.112.148
660,Larine,Crosland,lcroslandib@imageshack.us,Female,130.211.10.200
661,Lilllie,Lessmare,llessmareic@yahoo.com,Female,237.78.238.3
662,Audra,Phillps,aphillpsid@histats.com,Female,212.163.159.39
663,Lynda,Oran,loranie@msu.edu,Genderfluid,45.232.40.102
664,Lukas,Roscamp,lroscampif@51.la,Male,28.176.105.207
665,Lazare,Doumerque,ldoumerqueig@prlog.org,Male,108.72.36.140
666,Alis,Beaty,abeatyih@webnode.com,Male,2.142.195.73
667,Neill,Roeby,nroebyii@multiply.com,Male,46.14.35.170
668,Fernanda,Esplin,fesplinij@mayoclinic.com,Female,132.29.159.230
669,Zena,Markwick,zmarkwickik@google.fr,Female,216.64.31.197
670,Hakim,Gullane,hgullaneil@nih.gov,Genderfluid,120.220.98.17
671,Murielle,Disney,mdisneyim@dropbox.com,Female,177.197.165.222
672,Marcela,Wrankmore,mwrankmorein@digg.com,Female,224.98.44.149
673,Kirbee,Leftley,kleftleyio@census.gov,Male,235.46.72.189
674,Clive,Nurse,cnurseip@spiegel.de,Male,18.145.39.207
675,Cherlyn,Kunzelmann,ckunzelmanniq@nps.gov,Female,88.5.60.224
676,Thorn,Dillaway,tdillawayir@opera.com,Male,67.152.56.175
677,Brooke,Corfield,bcorfieldis@tumblr.com,Male,134.254.4.214
678,Rice,Height,rheightit@tmall.com,Female,24.24.157.139
679,Rois,Genicke,rgenickeiu@cargocollective.com,Male,44.57.94.218
680,Amalle,Bollard,abollardiv@joomla.org,Female,115.17.18.239
681,Scot,Atack,satackiw@posterous.com,Female,17.98.75.129
682,Tara,Foulser,tfoulserix@technorati.com,Female,39.83.221.254
683,Feliza,Broadwood,fbroadwoodiy@opera.com,Male,90.199.47.167
684,Biron,Hardway,bhardwayiz@utexas.edu,Female,109.109.238.121
685,Trent,Belz,tbelzj0@answers.com,Female,11.48.193.105
686,Velma,Leemans,vleemansj1@arstechnica.com,Female,64.224.144.245
687,Amity,Buzzing,abuzzingj2@google.com,Male,113.231.181.119
688,Eulalie,Zettoi,ezettoij3@smugmug.com,Male,184.209.252.182
689,Joshia,Camellini,jcamellinij4@usgs.gov,Female,189.140.8.165
690,Mindy,Welham,mwelhamj5@uiuc.edu,Female,195.130.246.39
691,Merla,Macveigh,mmacveighj6@businessweek.com,Female,25.29.205.55
692,Sullivan,Shales,sshalesj7@epa.gov,Female,168.118.245.250
693,Carly,Kubin,ckubinj8@nymag.com,Female,184.127.236.69
694,Nadiya,Compson,ncompsonj9@tiny.cc,Female,239.193.117.143
695,Gordan,Karlmann,gkarlmannja@tinypic.com,Male,1.0.10.89
696,Eunice,Cason,ecasonjb@vkontakte.ru,Male,126.243.188.245
697,Nikkie,Flanders,nflandersjc@ifeng.com,Female,35.53.245.23
698,Andonis,Capron,acapronjd@liveinternet.ru,Non-binary,32.151.188.22
699,Dela,Carnegy,dcarnegyje@1688.com,Male,123.67.246.89
700,Georgine,Rimmington,grimmingtonjf@yelp.com,Male,200.71.81.152
701,Gaspard,Ysson,gyssonjg@bizjournals.com,Female,131.83.236.50
702,Miguelita,Mc Caghan,mmccaghanjh@devhub.com,Female,232.159.18.72
703,Nat,Artois,nartoisji@wordpress.org,Female,119.227.47.91
704,Crichton,Kemwall,ckemwalljj@virginia.edu,Male,161.148.28.175
705,Demetris,Pady,dpadyjk@hp.com,Male,219.149.187.157
706,Beverie,Schimonek,bschimonekjl@ezinearticles.com,Male,40.168.212.29
707,Corey,Kmicicki,ckmicickijm@loc.gov,Female,192.152.160.55
708,Moira,McCleary,mmcclearyjn@miibeian.gov.cn,Male,112.186.129.228
709,Nettie,Irnis,nirnisjo@dmoz.org,Female,85.11.41.43
710,Leanor,Mitcheson,lmitchesonjp@wunderground.com,Female,150.29.130.172
711,Blythe,Avramchik,bavramchikjq@google.ru,Male,202.129.79.98
712,Lindy,Wilacot,lwilacotjr@ebay.com,Female,166.183.101.182
713,Sofia,Powys,spowysjs@china.com.cn,Male,13.216.116.111
714,Tarrance,Richardeau,trichardeaujt@posterous.com,Female,123.22.50.249
715,Corette,Bossel,cbosselju@berkeley.edu,Agender,159.239.177.45
716,Geralda,Santer,gsanterjv@typepad.com,Female,5.10.137.33
717,Fanechka,Belsher,fbelsherjw@drupal.org,Male,227.233.252.40
718,Perle,Paoletti,ppaolettijx@shinystat.com,Female,201.122.100.206
719,Yankee,Downer,ydownerjy@netscape.com,Male,255.54.17.13
720,Bel,Warrillow,bwarrillowjz@123-reg.co.uk,Female,80.232.82.120
721,Maddie,Brahm,mbrahmk0@chronoengine.com,Female,100.133.16.231
722,Derril,Diemer,ddiemerk1@ovh.net,Male,255.116.49.133
723,Melisa,Reichert,mreichertk2@state.gov,Male,40.123.73.147
724,Berkeley,McGuffie,bmcguffiek3@elegantthemes.com,Male,157.111.121.83
725,Ally,Cockerill,acockerillk4@cam.ac.uk,Female,158.113.141.96
726,Cinnamon,Goodby,cgoodbyk5@chicagotribune.com,Male,233.47.30.235
727,Alicia,Sarll,asarllk6@macromedia.com,Male,54.178.23.70
728,Cloris,Need,cneedk7@technorati.com,Female,24.0.92.60
729,Bianca,Hing,bhingk8@nsw.gov.au,Male,22.50.132.198
730,Irma,Mewes,imewesk9@theglobeandmail.com,Female,237.0.81.237
731,Leigh,Gabby,lgabbyka@skype.com,Male,97.24.91.119
732,Riccardo,Jelkes,rjelkeskb@apple.com,Bigender,160.209.203.20
733,Sonni,Jellis,sjelliskc@example.com,Genderqueer,59.36.38.140
734,Thaine,Roggers,troggerskd@amazon.co.jp,Female,217.54.157.193
735,Jocelyne,Pettman,jpettmanke@rakuten.co.jp,Female,237.194.150.109
736,Jorie,Goodier,jgoodierkf@blogtalkradio.com,Male,104.46.130.73
737,Mathilde,Ramsden,mramsdenkg@symantec.com,Female,233.123.94.148
738,Elfrida,Neumann,eneumannkh@nymag.com,Female,223.139.189.98
739,Katuscha,Tomczynski,ktomczynskiki@spiegel.de,Male,5.165.125.237
740,Ludovika,Glas,lglaskj@fda.gov,Polygender,230.202.28.67
741,Luciana,Niles,lnileskk@newyorker.com,Male,146.130.158.99
742,Yolanda,Vooght,yvooghtkl@cloudflare.com,Female,188.97.224.215
743,Klaus,Ridett,kridettkm@reverbnation.com,Male,156.21.126.31
744,Ilsa,Dainter,idainterkn@hubpages.com,Female,13.149.255.207
745,Ursola,Camellini,ucamelliniko@harvard.edu,Female,170.202.52.7
746,Clive,Evenett,cevenettkp@unesco.org,Male,252.233.3.17
747,Lennie,Grimmolby,lgrimmolbykq@noaa.gov,Female,40.34.206.93
748,Gladi,Musgrove,gmusgrovekr@nytimes.com,Female,203.114.160.73
749,Jessamyn,Tidridge,jtidridgeks@behance.net,Female,246.146.176.218
750,Christabel,Terne,cternekt@bloomberg.com,Female,186.219.118.96
751,Kalie,Kitchiner,kkitchinerku@lulu.com,Male,249.21.97.201
752,Anya,Lockery,alockerykv@dropbox.com,Male,78.67.201.233
753,Reade,Muston,rmustonkw@google.it,Male,83.10.122.235
754,Orelie,Summerley,osummerleykx@4shared.com,Female,113.99.83.77
755,Arel,Jakobsson,ajakobssonky@engadget.com,Male,113.130.212.29
756,Amelita,Elgie,aelgiekz@oakley.com,Polygender,121.244.210.82
757,Eba,Dungay,edungayl0@stanford.edu,Female,147.86.42.43
758,Marney,Pelling,mpellingl1@cloudflare.com,Male,200.116.138.205
759,Caryl,Sackey,csackeyl2@1und1.de,Male,50.6.172.119
760,Jodee,Marcus,jmarcusl3@chicagotribune.com,Male,205.183.24.215
761,Melesa,Grimbleby,mgrimblebyl4@fda.gov,Male,13.104.250.3
762,Pammie,Blasing,pblasingl5@marketwatch.com,Non-binary,112.10.181.12
763,Joellyn,Beneteau,jbeneteaul6@wikispaces.com,Male,77.6.186.54
764,Shaw,Wraggs,swraggsl7@abc.net.au,Female,27.37.188.34
765,Tiffanie,Medhurst,tmedhurstl8@pinterest.com,Female,191.232.47.76
766,Patience,Devigne,pdevignel9@yahoo.com,Female,241.254.132.178
767,Hilario,Drei,hdreila@fastcompany.com,Male,198.114.149.35
768,Say,Scolland,sscollandlb@istockphoto.com,Female,143.92.133.251
769,Karylin,Tomkiss,ktomkisslc@arstechnica.com,Male,5.250.245.70
770,Royce,Barrow,rbarrowld@delicious.com,Male,239.204.122.156
771,Culley,McCandie,cmccandiele@ovh.net,Male,31.49.50.142
772,Kev,Goodley,kgoodleylf@dailymail.co.uk,Female,111.245.17.117
773,Lynde,Fosbraey,lfosbraeylg@dyndns.org,Female,46.7.3.243
774,Corby,Toope,ctoopelh@about.com,Female,25.145.110.93
775,Rayner,Chattelaine,rchattelaineli@1und1.de,Bigender,250.235.192.65
776,Halsey,Ofer,hoferlj@gizmodo.com,Female,5.210.229.138
777,Guinevere,Kensett,gkensettlk@chronoengine.com,Male,1.47.226.153
778,Vern,Freckingham,vfreckinghamll@xrea.com,Male,171.175.156.30
779,Delaney,Mogenot,dmogenotlm@posterous.com,Genderqueer,228.33.8.249
780,Dorie,Slidders,dsliddersln@auda.org.au,Male,250.152.55.156
781,Kristen,McRuvie,kmcruvielo@bbb.org,Male,82.164.151.164
782,Wilhelmina,Noon,wnoonlp@yale.edu,Female,110.152.195.79
783,Keane,Vasilischev,kvasilischevlq@yandex.ru,Female,22.74.41.187
784,Clifford,Powe,cpowelr@mayoclinic.com,Male,21.53.18.87
785,Dionne,Albon,dalbonls@yellowbook.com,Male,186.165.27.228
786,Gustavus,Corby,gcorbylt@51.la,Female,72.110.253.122
787,Obadiah,Keasley,okeasleylu@purevolume.com,Male,187.149.10.66
788,Kyle,Dreger,kdregerlv@jugem.jp,Male,169.189.1.70
789,Tom,Putnam,tputnamlw@geocities.com,Male,8.80.93.59
790,Bartlet,Firpi,bfirpilx@netlog.com,Male,115.124.51.54
791,Amelina,Balogh,abaloghly@mashable.com,Female,10.49.44.154
792,Keri,Tzarkov,ktzarkovlz@furl.net,Female,6.46.60.119
793,Barnaby,Seargeant,bseargeantm0@sohu.com,Male,45.112.247.202
794,Melisse,Skett,mskettm1@elpais.com,Female,39.17.169.185
795,Ronnica,Djordjevic,rdjordjevicm2@ft.com,Male,38.14.177.56
796,Dene,Satterthwaite,dsatterthwaitem3@ovh.net,Male,187.36.126.83
797,Mindy,Herley,mherleym4@yandex.ru,Male,0.178.88.91
798,Daffie,Firby,dfirbym5@drupal.org,Female,37.224.62.204
799,Miner,Grinley,mgrinleym6@odnoklassniki.ru,Female,243.251.232.140
800,Erroll,Tolotti,etolottim7@foxnews.com,Female,128.94.225.63
801,Beulah,Wise,bwisem8@chron.com,Female,228.176.5.180
802,Dulci,Kubica,dkubicam9@blogs.com,Female,40.86.107.207
803,Ame,Van den Oord,avandenoordma@lycos.com,Female,93.118.216.207
804,Archambault,Akaster,aakastermb@dagondesign.com,Male,41.223.96.17
805,Collete,Zoren,czorenmc@purevolume.com,Male,56.161.242.154
806,Allyce,Jeanneau,ajeanneaumd@mayoclinic.com,Female,25.183.86.205
807,Claiborne,Cogle,ccogleme@kickstarter.com,Female,239.248.251.119
808,Queenie,Jullian,qjullianmf@intel.com,Female,92.140.42.207
809,Alvis,Russilll,arussilllmg@uol.com.br,Female,158.24.219.235
810,Loella,Siddaley,lsiddaleymh@irs.gov,Male,121.255.239.71
811,Del,Weatherill,dweatherillmi@tiny.cc,Male,185.235.68.150
812,Iain,McClenaghan,imcclenaghanmj@uiuc.edu,Male,21.19.107.136
813,Windy,Naile,wnailemk@bbb.org,Female,109.214.24.95
814,Melba,Cooney,mcooneyml@japanpost.jp,Male,121.216.87.98
815,Felizio,Dole,fdolemm@vkontakte.ru,Female,51.65.224.25
816,Alane,Dannehl,adannehlmn@marriott.com,Male,224.51.23.104
817,Sanford,Salvati,ssalvatimo@columbia.edu,Female,43.120.7.144
818,Lanni,Marczyk,lmarczykmp@yelp.com,Female,141.136.3.23
819,Gilbert,Portwaine,gportwainemq@pcworld.com,Male,130.234.220.102
820,Em,Danell,edanellmr@samsung.com,Male,37.103.188.190
821,Risa,Bernette,rbernettems@tumblr.com,Female,27.21.101.157
822,Candy,McKeand,cmckeandmt@fema.gov,Female,244.213.249.97
823,Ned,Savile,nsavilemu@opera.com,Male,97.175.94.143
824,Chucho,Woof,cwoofmv@google.com.hk,Male,198.246.86.152
825,Clara,Murphey,cmurpheymw@weebly.com,Female,210.61.82.56
826,Minna,Fontanet,mfontanetmx@cargocollective.com,Male,170.195.107.178
827,Elihu,Szreter,eszretermy@arizona.edu,Female,227.194.217.95
828,Hestia,Jozsef,hjozsefmz@businessweek.com,Female,239.254.158.246
829,Linda,Tunder,ltundern0@barnesandnoble.com,Female,186.163.21.223
830,Kiley,Thurstance,kthurstancen1@netvibes.com,Female,251.30.202.96
831,Dannye,Sandercock,dsandercockn2@homestead.com,Female,29.173.240.243
832,Farah,Gillise,fgillisen3@google.com.hk,Female,89.151.53.72
833,Art,Bealton,abealtonn4@artisteer.com,Male,141.132.254.124
834,Alfonse,Roycroft,aroycroftn5@bizjournals.com,Female,140.181.84.10
835,Freida,Miguel,fmigueln6@go.com,Female,111.213.227.234
836,Ferdie,Bonnell,fbonnelln7@pagesperso-orange.fr,Female,172.203.162.125
837,Jeth,Yorath,jyorathn8@dell.com,Male,205.115.8.83
838,Lacee,Antley,lantleyn9@discuz.net,Female,211.234.86.140
839,Sadie,Leah,sleahna@moonfruit.com,Male,77.31.158.114
840,Aymer,Piggott,apiggottnb@freewebs.com,Male,222.210.250.2
841,Ruby,Diggle,rdigglenc@si.edu,Female,29.1.138.170
842,Sonni,Pattesall,spattesallnd@buzzfeed.com,Male,75.9.115.172
843,Candra,Donoghue,cdonoghuene@creativecommons.org,Male,191.151.181.17
844,Cos,Counsell,ccounsellnf@arstechnica.com,Polygender,224.196.167.85
845,Karyn,Minette,kminetteng@biblegateway.com,Female,64.13.44.43
846,Peri,Maleby,pmalebynh@cloudflare.com,Female,209.134.244.76
847,Alvera,Tersay,atersayni@nba.com,Male,182.108.110.123
848,Nicolette,Gromley,ngromleynj@live.com,Female,189.70.5.19
849,Jannel,Cordet,jcordetnk@tripadvisor.com,Male,255.2.48.162
850,Valery,Brandli,vbrandlinl@skyrock.com,Male,245.57.82.62
851,Arlee,Killiam,akilliamnm@qq.com,Female,203.244.251.15
852,Kameko,Mulderrig,kmulderrignn@spotify.com,Genderqueer,173.96.202.129
853,Haroun,Whysall,hwhysallno@theglobeandmail.com,Male,255.69.123.229
854,Amaleta,Boundey,aboundeynp@sfgate.com,Male,172.175.131.181
855,Maxwell,Woolland,mwoollandnq@sun.com,Male,102.136.213.21
856,Cash,Crellim,ccrellimnr@hostgator.com,Male,143.108.194.185
857,Killian,Springthorpe,kspringthorpens@gizmodo.com,Female,176.245.119.9
858,Kinny,Spadeck,kspadecknt@tripod.com,Female,95.101.242.55
859,Ramon,Stocks,rstocksnu@engadget.com,Male,154.0.247.245
860,Julissa,Orrett,jorrettnv@statcounter.com,Female,244.81.247.199
861,Jakob,Balthasar,jbalthasarnw@myspace.com,Female,190.215.112.165
862,Angelique,Riatt,ariattnx@icq.com,Female,236.129.87.220
863,Tomasina,Searle,tsearleny@cornell.edu,Male,3.22.139.241
864,Glynis,Vasse,gvassenz@sun.com,Male,125.49.172.197
865,Jayme,Stocker,jstockero0@patch.com,Male,103.8.235.241
866,Marve,McSkeagan,mmcskeagano1@biglobe.ne.jp,Male,139.221.87.240
867,Eustace,Wittrington,ewittringtono2@springer.com,Female,245.142.254.224
868,Gwenni,Arnet,garneto3@parallels.com,Female,135.129.140.133
869,Simona,Putnam,sputnamo4@aol.com,Female,201.215.127.69
870,Fidelia,Dast,fdasto5@tiny.cc,Male,39.98.93.131
871,Nicolis,Cordelle,ncordelleo6@feedburner.com,Female,16.175.116.96
872,Barri,Bohden,bbohdeno7@over-blog.com,Male,208.42.241.216
873,Phillipe,Malter,pmaltero8@soup.io,Polygender,81.153.109.219
874,Webb,Waddy,wwaddyo9@gnu.org,Male,96.112.237.149
875,Darrell,Chiles,dchilesoa@google.cn,Genderqueer,221.176.191.239
876,Morris,Kermit,mkermitob@delicious.com,Agender,178.231.53.16
877,Sarine,Hardistry,shardistryoc@nydailynews.com,Female,80.57.10.209
878,Jay,Malsher,jmalsherod@myspace.com,Male,36.141.190.162
879,Hope,Mourton,hmourtonoe@sfgate.com,Female,100.247.7.211
880,Charisse,Sargint,csargintof@geocities.jp,Female,233.140.151.79
881,Stacie,Siseland,ssiselandog@wunderground.com,Female,38.53.152.161
882,Ivory,Dillingston,idillingstonoh@rakuten.co.jp,Bigender,30.128.181.66
883,Wald,Tallman,wtallmanoi@youtube.com,Male,196.151.20.108
884,Alvy,Yukhov,ayukhovoj@cdc.gov,Male,121.214.32.173
885,Ravid,Forre,rforreok@hatena.ne.jp,Female,217.139.11.234
886,Zara,De Blase,zdeblaseol@dedecms.com,Polygender,168.197.47.119
887,Townsend,Drowsfield,tdrowsfieldom@hatena.ne.jp,Female,31.3.252.213
888,Neala,Ashton,nashtonon@nifty.com,Female,168.104.107.180
889,Quintus,Skokoe,qskokoeoo@google.co.jp,Female,74.124.228.178
890,Aylmer,Davio,adavioop@reference.com,Female,251.75.217.58
891,Todd,Mansell,tmanselloq@etsy.com,Male,244.199.206.100
892,Nikolaus,Rickersy,nrickersyor@joomla.org,Male,30.179.138.72
893,Krishna,Jiroudek,kjiroudekos@vkontakte.ru,Female,252.81.80.60
894,Tracee,Muress,tmuressot@narod.ru,Female,102.8.140.232
895,Jacinthe,Hevey,jheveyou@irs.gov,Female,216.167.52.31
896,Stephani,Jekel,sjekelov@buzzfeed.com,Male,150.172.56.80
897,Lowrance,Henfre,lhenfreow@digg.com,Female,193.127.148.234
898,Darbie,Munehay,dmunehayox@baidu.com,Male,218.6.84.48
899,Bobbi,Herion,bherionoy@domainmarket.com,Genderfluid,73.17.8.176
900,Cazzie,Josifovic,cjosifovicoz@addtoany.com,Female,148.188.101.117
901,Carmita,Goligher,cgoligherp0@flavors.me,Male,216.130.189.130
902,Buffy,Jansey,bjanseyp1@cornell.edu,Female,68.131.207.2
903,Hamlen,Keble,hkeblep2@psu.edu,Female,204.15.206.52
904,Leia,Digance,ldigancep3@hp.com,Female,146.78.172.166
905,Lucius,Antley,lantleyp4@blinklist.com,Male,132.83.107.187
906,Helga,Toolin,htoolinp5@narod.ru,Female,37.138.126.227
907,Noach,Truss,ntrussp6@exblog.jp,Male,167.65.175.17
908,Dyanna,Juett,djuettp7@feedburner.com,Female,42.122.224.221
909,Jimmy,Hoodlass,jhoodlassp8@ucla.edu,Female,52.59.192.113
910,Lethia,Ivanchikov,livanchikovp9@hubpages.com,Male,52.112.191.93
911,Lesley,Vashchenko,lvashchenkopa@simplemachines.org,Male,71.165.117.109
912,Ulberto,Cone,uconepb@sogou.com,Female,57.167.69.163
913,Brooks,Ivashin,bivashinpc@newsvine.com,Female,36.184.2.7
914,Borden,Pfertner,bpfertnerpd@cornell.edu,Female,229.103.248.17
915,Lenore,Jerromes,ljerromespe@cisco.com,Agender,50.13.195.40
916,Leshia,Gayter,lgayterpf@simplemachines.org,Female,239.104.209.43
917,Nelle,Stannett,nstannettpg@phpbb.com,Male,254.69.240.76
918,Hobart,Jozefczak,hjozefczakph@istockphoto.com,Female,80.96.27.179
919,Allyson,Kettell,akettellpi@youtube.com,Male,153.221.122.157
920,Tera,Rasor,trasorpj@opera.com,Female,142.252.240.66
921,Sandi,Lanegran,slanegranpk@marketwatch.com,Female,165.6.160.60
922,Derrek,Shernock,dshernockpl@free.fr,Polygender,74.53.184.1
923,Lettie,Eason,leasonpm@tinyurl.com,Male,189.81.114.11
924,Charil,Twelve,ctwelvepn@google.de,Female,211.209.96.180
925,Wash,Leeb,wleebpo@globo.com,Female,146.0.13.10
926,Hilly,Halpine,hhalpinepp@dell.com,Male,133.239.8.172
927,Reinald,Miskelly,rmiskellypq@amazonaws.com,Female,102.131.226.226
928,Leicester,Galer,lgalerpr@bloomberg.com,Male,90.32.133.253
929,Archibald,Engledow,aengledowps@state.gov,Male,122.90.169.9
930,Thomasine,Smaleman,tsmalemanpt@ifeng.com,Male,35.199.144.18
931,Aloysia,Peotz,apeotzpu@istockphoto.com,Female,160.102.150.243
932,Ber,Parsisson,bparsissonpv@github.com,Female,158.115.254.231
933,Denver,Kinkade,dkinkadepw@imgur.com,Male,111.217.135.160
934,Sonny,Petrichat,spetrichatpx@marriott.com,Female,180.161.61.90
935,Laurianne,Lissandri,llissandripy@wikipedia.org,Female,175.182.142.239
936,Tyrus,Follan,tfollanpz@pen.io,Male,80.9.194.124
937,Ingeborg,Merioth,imeriothq0@wix.com,Male,123.76.49.227
938,Georgetta,Challes,gchallesq1@virginia.edu,Male,113.119.180.77
939,Lutero,Riach,lriachq2@yellowpages.com,Female,205.160.57.167
940,Vilhelmina,O' Mulderrig,vomulderrigq3@omniture.com,Polygender,207.84.166.94
941,Idalia,Beves,ibevesq4@nih.gov,Male,139.76.230.197
942,Aurthur,Reinmar,areinmarq5@blinklist.com,Male,78.72.194.76
943,Jack,Juster,jjusterq6@google.fr,Female,152.38.223.67
944,Paolo,Schroeder,pschroederq7@earthlink.net,Male,97.61.141.115
945,Skell,Neljes,sneljesq8@moonfruit.com,Female,64.154.198.239
946,Thibaut,Patnelli,tpatnelliq9@hp.com,Male,91.175.130.22
947,Ree,De Haven,rdehavenqa@flavors.me,Male,65.117.251.74
948,Cheri,Shepstone,cshepstoneqb@techcrunch.com,Male,54.211.198.60
949,Jacinta,Ditchett,jditchettqc@liveinternet.ru,Polygender,198.149.158.103
950,Tersina,Lemme,tlemmeqd@princeton.edu,Female,33.56.85.215
951,Tim,Ellsworthe,tellswortheqe@wikimedia.org,Female,58.154.83.44
952,Lucio,Woodhams,lwoodhamsqf@aol.com,Polygender,81.63.90.151
953,Taffy,Maffi,tmaffiqg@globo.com,Female,144.60.25.177
954,Nico,Kornyshev,nkornyshevqh@vimeo.com,Male,17.74.78.44
955,Margareta,Pedron,mpedronqi@wix.com,Female,129.227.3.17
956,Oriana,Vittet,ovittetqj@github.io,Male,41.101.80.64
957,Ebonee,Cottey,ecotteyqk@oakley.com,Female,11.38.192.77
958,Emmett,Patrone,epatroneql@npr.org,Female,148.91.54.84
959,Gardiner,Ege,gegeqm@jugem.jp,Female,111.151.16.130
960,Phip,Traske,ptraskeqn@hao123.com,Female,150.56.128.65
961,Allister,Adcocks,aadcocksqo@soup.io,Male,227.147.169.230
962,Kippar,McGeraghty,kmcgeraghtyqp@google.co.uk,Male,4.251.115.113
963,Ivette,Mangenot,imangenotqq@tuttocitta.it,Male,6.174.129.169
964,Camila,Bedome,cbedomeqr@jiathis.com,Female,40.16.38.184
965,Abbot,Cleere,acleereqs@google.cn,Female,16.174.4.86
966,Arden,Casaccia,acasacciaqt@wsj.com,Female,153.171.100.249
967,Park,Sandon,psandonqu@wordpress.org,Male,143.185.60.122
968,Wilfrid,Hirjak,whirjakqv@bandcamp.com,Male,165.253.123.4
969,Madalyn,Volk,mvolkqw@123-reg.co.uk,Male,185.165.166.154
970,Sasha,Holston,sholstonqx@zdnet.com,Male,22.171.117.186
971,Derrik,Meekin,dmeekinqy@bravesites.com,Female,47.193.36.12
972,Ebba,Clixby,eclixbyqz@miitbeian.gov.cn,Male,56.227.148.117
973,Kandy,Jennaway,kjennawayr0@themeforest.net,Male,167.197.253.178
974,Marietta,Tomlins,mtomlinsr1@sun.com,Male,29.24.102.95
975,Galvin,Hodcroft,ghodcroftr2@list-manage.com,Female,234.78.31.94
976,Bea,de Wilde,bdewilder3@usnews.com,Agender,85.199.124.251
977,Elsa,Dorant,edorantr4@sourceforge.net,Female,164.41.107.78
978,Jerrilee,Garms,jgarmsr5@earthlink.net,Female,142.234.61.91
979,Germain,Gellately,ggellatelyr6@github.com,Female,195.198.160.29
980,Wakefield,Humpage,whumpager7@i2i.jp,Bigender,229.78.33.218
981,Maddalena,Guiducci,mguiduccir8@newsvine.com,Female,170.40.0.44
982,Morten,Bostock,mbostockr9@addthis.com,Female,28.20.66.127
983,Virginie,Ship,vshipra@netvibes.com,Female,253.52.84.68
984,Cherise,Younglove,cyoungloverb@google.pl,Female,82.226.135.137
985,Caria,Dingley,cdingleyrc@blinklist.com,Male,43.89.122.179
986,Tarra,Waddup,twadduprd@indiegogo.com,Female,139.29.151.211
987,Susanetta,Navan,snavanre@comsenz.com,Female,138.125.41.85
988,Shaylah,Kid,skidrf@stanford.edu,Male,211.243.205.163
989,Jillane,Woodrup,jwoodruprg@youtu.be,Female,66.244.247.150
990,Otis,Abrashkin,oabrashkinrh@phoca.cz,Bigender,9.239.40.196
991,Katerina,McNirlin,kmcnirlinri@privacy.gov.au,Male,107.198.63.170
992,Neils,Rabbe,nrabberj@infoseek.co.jp,Male,116.102.217.149
993,De,Yedall,dyedallrk@ezinearticles.com,Non-binary,229.141.205.141
994,Ardenia,Sinnett,asinnettrl@tinyurl.com,Agender,218.150.24.190
995,Thorpe,Kingsnode,tkingsnoderm@columbia.edu,Male,168.166.55.175
996,Norbie,Woodburn,nwoodburnrn@marriott.com,Female,127.190.63.181
997,Anita,Bracknell,abracknellro@tripadvisor.com,Non-binary,39.26.79.147
998,Catlaina,Boyford,cboyfordrp@weather.com,Female,84.138.2.104
999,Nancy,Mannock,nmannockrq@fema.gov,Female,165.0.137.139
1000,Correna,Choppin,cchoppinrr@prweb.com,Female,147.124.116.242
